<?xml version="1.0" encoding="UTF-8"?>
<beans xmlns="http://www.springframework.org/schema/beans"
	xmlns:xsi="http://www.w3.org/2001/XMLSchema-instance" xmlns:context="http://www.springframework.org/schema/context"
	xmlns:task="http://www.springframework.org/schema/task" xmlns:mvc="http://www.springframework.org/schema/mvc"
	xmlns:tx="http://www.springframework.org/schema/tx"
	xsi:schemaLocation="http://www.springframework.org/schema/beans http://www.springframework.org/schema/beans/spring-beans-4.0.xsd
	http://www.springframework.org/schema/context http://www.springframework.org/schema/context/spring-context-4.0.xsd
	 http://www.springframework.org/schema/task http://www.springframework.org/schema/task/spring-task-4.0.xsd
	  http://www.springframework.org/schema/mvc
	  http://www.springframework.org/schema/mvc/spring-mvc.xsd
	  http://www.springframework.org/schema/tx
      http://www.springframework.org/schema/tx/spring-tx.xsd"
	default-lazy-init="false">

	<mvc:annotation-driven>
		<!-- 消息转换器 -->
		<mvc:message-converters register-defaults="true">
			<bean class="org.springframework.http.converter.StringHttpMessageConverter">
				<property name="supportedMediaTypes" value="text/html;charset=UTF-8" />
			</bean>
		</mvc:message-converters>
	</mvc:annotation-driven>
	<!-- 静态资源 -->
	<mvc:resources mapping="/resources/**" location="/resources/" />
	<!-- 中文乱码解决 -->
	<bean class="org.springframework.web.servlet.mvc.annotation.AnnotationMethodHandlerAdapter">
		<property name="messageConverters">
			<list>
				<bean
					class="org.springframework.http.converter.StringHttpMessageConverter">
					<property name="supportedMediaTypes">
						<list>
							<value>text/plain;charset=UTF-8</value>
						</list>
					</property>
				</bean>
			</list>
		</property>
	</bean>
	<!-- 文件解析器 -->
	<bean id="multipartResolver" class="org.springframework.web.multipart.commons.CommonsMultipartResolver" />
	<!-- 视图解析器 -->
	<bean class="org.springframework.web.servlet.view.InternalResourceViewResolver" id="internalResourceViewResolver">
		<!-- 前缀 -->
		<property name="prefix" value="/" />
		<!-- 后缀 -->
		<property name="suffix" value=".jsp" />
	</bean>
	<!-- 自动扫描包 -->
	<context:component-scan base-package="com.springjcrop.demo" />
</beans>
